,Random,Jaccard
0,0.15225,0.15317
1,0.46492,0.45708
2,0.78458,0.77808
