,Random,Jaccard
0,0.1525,0.17925
1,0.47042,0.50208
2,0.78158,0.80375
