,Random,Jaccard
0,0.066,0.27683
1,0.19458,0.472
2,0.32425,0.59117
