,Random,Jaccard,ES,BM25,Unixcoder,all-MiniLM-L6-v2,all-mpnet-base-v2,multi-qa-mpnet-base-dot-v1,all-distilroberta-v1,all-MiniLM-L12-v2,multi-qa-distilbert-cos-v1,multi-qa-MiniLM-L6-cos-v1
0,0.15817,0.43575,0.33567,0.4945,0.601,0.57758,0.57867,0.57867,0.59508,0.58967,0.585,0.57733
1,0.46867,0.70825,0.62017,0.72983,0.83175,0.83125,0.8255,0.8255,0.83583,0.83375,0.82392,0.82808
2,0.78233,0.89033,0.84558,0.89308,0.93933,0.94167,0.93775,0.93775,0.9425,0.94175,0.9425,0.93933
