Random,Jaccard,ES,BM25,Unixcoder,all-MiniLM-L6-v2,all-mpnet-base-v2,multi-qa-mpnet-base-dot-v1,all-distilroberta-v1,all-MiniLM-L12-v2,multi-qa-distilbert-cos-v1,multi-qa-MiniLM-L6-cos-v1
0.15717,0.39442,0.39442,0.65458,0.67983,0.71792,0.72692,0.72692,0.70842,0.77167,0.742,0.71075
0.46683,0.67408,0.67408,0.90392,0.906,0.92642,0.92942,0.92942,0.92875,0.94367,0.9355,0.92917
0.78492,0.87692,0.87692,0.96717,0.97325,0.98075,0.9815,0.9815,0.98283,0.98333,0.98142,0.98025
